<?xml version="1.0" encoding="UTF-8"?>
<project-private xmlns="http://www.netbeans.org/ns/project-private/1">
    <editor-bookmarks xmlns="http://www.netbeans.org/ns/editor-bookmarks/2" lastBookmarkId="0"/>
    <open-files xmlns="http://www.netbeans.org/ns/projectui-open-files/2">
        <group>
            <file>file:/C:/Users/laura/Documents/WebApplication6/web/Home.jsp</file>
            <file>file:/C:/Users/laura/Documents/WebApplication6/src/java/modelAndControl/TesXAMPP.java</file>
            <file>file:/C:/Users/laura/Documents/WebApplication6/web/FormSignUpApp.jsp</file>
            <file>file:/C:/Users/laura/Documents/WebApplication6/src/java/modelAndControl/servletLoker.java</file>
            <file>file:/C:/Users/laura/Documents/WebApplication6/src/java/modelAndControl/ServletCustomer.java</file>
            <file>file:/C:/Users/laura/Documents/WebApplication6/src/java/modelAndControl/Koneksi.java</file>
            <file>file:/C:/Users/laura/Documents/WebApplication6/web/SignUpProses.jsp</file>
            <file>file:/C:/Users/laura/Documents/WebApplication6/src/java/modelAndControl/TabelCustomer.java</file>
            <file>file:/C:/Users/laura/Documents/WebApplication6/web/FormSignUpCust.jsp</file>
            <file>file:/C:/Users/laura/Documents/WebApplication6/src/java/modelAndControl/query.java</file>
        </group>
    </open-files>
</project-private>
